epoch,train_loss,val_loss,l_ag,l_al,l_m,l_f,l_det,offset_mag,lr
1,1.529146,1.077414,1.034773,1.053457,-0.017804,1.098515,0.215483,0.242249,2.8e-05
2,1.094647,0.98197,1.095512,1.112083,-0.031959,1.129427,0.196394,0.383313,4.6e-05
3,1.016477,0.959784,1.063975,1.125761,-0.038584,1.161684,0.191957,0.590897,6.4e-05
4,0.981359,0.945516,1.063594,1.14841,-0.04111,1.156301,0.189103,0.862317,8.2e-05
5,0.964836,0.94028,1.003953,1.086316,-0.045271,1.190288,0.188056,1.0929,0.0001
6,0.957396,0.922566,1.02636,1.111961,-0.051729,1.14392,0.184513,1.313818,9.999e-05
7,0.913504,0.977639,1.010781,1.101173,-0.056886,1.121965,0.195528,1.518729,9.995e-05
8,0.893107,0.886476,1.020566,1.097678,-0.06713,1.099215,0.177295,1.655341,9.99e-05
9,0.882635,0.880001,1.007244,1.070463,-0.063816,1.077157,0.176,1.747826,9.981e-05
10,0.87143,0.875055,0.98503,1.06812,-0.074171,1.075922,0.175011,1.851021,9.971e-05
11,0.855493,0.876034,0.972763,1.035044,-0.075948,1.087369,0.175207,1.876835,9.958e-05
12,0.852778,0.876382,0.989089,1.026479,-0.06882,1.070201,0.175276,1.992282,9.943e-05
13,0.840129,0.85584,0.986438,1.009716,-0.080907,1.059908,0.171168,2.090833,9.926e-05
14,0.836687,0.875212,0.987995,1.012839,-0.075728,1.033308,0.175042,2.120115,9.906e-05
15,0.833096,0.859129,0.987123,1.012514,-0.076545,1.040706,0.171826,2.123034,9.884e-05
16,0.822691,0.863739,0.994902,1.007113,-0.076339,1.049222,0.172748,2.167197,9.86e-05
17,0.815956,0.859545,0.999223,1.013021,-0.081667,1.033058,0.171909,2.175293,9.834e-05
18,0.816319,0.870556,0.997907,1.03034,-0.080134,1.0338,0.174111,2.16418,9.805e-05
19,0.80715,0.856396,1.001149,1.009205,-0.085392,1.011329,0.171279,2.232198,9.774e-05
20,0.808451,0.862663,0.981269,0.996114,-0.086554,1.045381,0.172533,2.287192,9.741e-05
21,0.806533,0.847015,0.994742,1.02821,-0.084207,1.043164,0.169403,2.271974,9.706e-05
22,0.805804,0.843055,0.979278,1.002699,-0.079722,1.019883,0.168611,2.272251,9.668e-05
23,0.802606,0.84174,0.99025,1.004389,-0.081273,1.011426,0.168348,2.270467,9.628e-05
24,0.798225,0.849205,1.002055,1.027223,-0.081304,1.013507,0.169841,2.262604,9.586e-05
25,0.796283,0.848415,0.991238,1.014567,-0.086359,1.006685,0.169683,2.336595,9.542e-05
26,0.791967,0.844595,0.993396,1.008347,-0.082801,1.022775,0.168919,2.285982,9.496e-05
27,0.787657,0.85195,0.997121,1.019225,-0.081906,1.013656,0.17039,2.311049,9.448e-05
28,0.787196,0.832827,1.008723,1.027141,-0.087051,0.999742,0.166565,2.349182,9.398e-05
29,0.782002,0.85027,0.9925,1.007102,-0.087171,1.02159,0.170054,2.394491,9.346e-05
30,0.786477,0.84286,0.995522,1.018511,-0.090187,1.006953,0.168572,2.440252,9.291e-05
31,0.776555,0.825873,0.98745,1.007253,-0.089708,1.011621,0.165175,2.425237,9.235e-05
32,0.775751,0.814303,1.003546,1.005947,-0.09467,1.002969,0.162861,2.38331,9.177e-05
33,0.772547,0.830081,0.981977,0.996937,-0.093696,1.003488,0.166016,2.428874,9.117e-05
34,0.776023,0.845634,0.970186,0.975692,-0.089933,1.020019,0.169127,2.507081,9.055e-05
35,0.772638,0.833062,0.991328,0.986349,-0.091736,1.02816,0.166612,2.496751,8.991e-05
36,0.767355,0.82715,0.998745,1.01094,-0.094578,1.037764,0.16543,2.478264,8.925e-05
37,0.765843,0.828049,0.98423,0.996244,-0.091431,1.043392,0.16561,2.522464,8.857e-05
38,0.763633,0.819775,0.992042,1.002629,-0.092718,1.031018,0.163955,2.501717,8.788e-05
39,0.768746,0.832974,1.000808,1.000399,-0.093984,1.033563,0.166595,2.548261,8.717e-05
40,0.764318,0.838641,0.980667,0.988115,-0.095688,1.049571,0.167728,2.557263,8.644e-05
41,0.762693,0.834188,0.990415,0.970254,-0.092438,1.017994,0.166838,2.551242,8.569e-05
42,0.760124,0.834974,0.993107,1.00094,-0.088292,1.038829,0.166995,2.57337,8.493e-05
43,0.760331,0.816546,1.001859,1.004193,-0.097269,1.048949,0.163309,2.56412,8.415e-05
44,0.757378,0.812101,0.98897,0.991634,-0.096715,1.040475,0.16242,2.591488,8.336e-05
45,0.749583,0.830311,0.991876,0.986974,-0.095254,1.042822,0.166062,2.614373,8.255e-05
46,0.750297,0.816459,0.995479,1.003577,-0.095432,1.049833,0.163292,2.595004,8.172e-05
47,0.753067,0.830931,0.993905,0.996546,-0.094691,1.055371,0.166186,2.598017,8.088e-05
48,0.748896,0.815033,0.980394,0.972032,-0.092661,1.021254,0.163007,2.588348,8.003e-05
49,0.743151,0.803253,0.988883,0.968434,-0.090354,1.023614,0.160651,2.608934,7.916e-05
50,0.746166,0.8164,0.989211,0.981928,-0.098359,1.033568,0.16328,2.59645,7.828e-05
51,0.740525,0.833048,0.990887,0.983018,-0.09465,1.042733,0.16661,2.575849,7.738e-05
52,0.736466,0.828207,0.995359,0.975134,-0.098755,1.022017,0.165641,2.577643,7.648e-05
53,0.739489,0.840174,0.981552,0.976212,-0.09903,1.037844,0.168035,2.589913,7.556e-05
54,0.740201,0.815674,0.974326,0.974369,-0.09448,1.03583,0.163135,2.606997,7.463e-05
55,0.736712,0.808039,0.978025,0.9648,-0.095615,1.029617,0.161608,2.623811,7.369e-05
56,0.735154,0.82223,0.975219,0.969127,-0.096869,1.037177,0.164446,2.581414,7.273e-05
57,0.729796,0.807003,0.995046,0.991311,-0.10019,1.032128,0.161401,2.5844,7.177e-05
58,0.730181,0.812654,0.981313,0.974807,-0.100846,1.02195,0.162531,2.572231,7.08e-05
59,0.728731,0.812668,0.976633,0.958008,-0.095106,1.043973,0.162534,2.606059,6.981e-05
60,0.728063,0.814549,0.977924,0.965746,-0.101387,1.016405,0.16291,2.596616,6.882e-05
61,0.72653,0.805177,0.969771,0.961426,-0.098175,1.039807,0.161035,2.555474,6.782e-05
62,0.723597,0.811598,0.988562,0.970764,-0.098439,1.027265,0.16232,2.568625,6.681e-05
63,0.720238,0.812884,0.984453,0.944822,-0.098759,1.016653,0.162577,2.578177,6.58e-05
64,0.721285,0.809589,0.97701,0.958905,-0.098723,1.039944,0.161918,2.606095,6.477e-05
65,0.722023,0.81251,0.981004,0.964723,-0.100415,1.033765,0.162502,2.607818,6.374e-05
66,0.721566,0.827467,0.990178,0.982909,-0.098398,1.050307,0.165493,2.644153,6.271e-05
67,0.716181,0.804577,0.987742,0.960373,-0.099143,1.035691,0.160915,2.66942,6.166e-05
68,0.716399,0.819587,0.990949,0.970085,-0.097702,1.049282,0.163917,2.670554,6.062e-05
69,0.714886,0.813638,0.983833,0.961263,-0.099337,1.044837,0.162728,2.687431,5.956e-05
70,0.712748,0.81864,0.993405,0.962685,-0.098337,1.038934,0.163728,2.667095,5.851e-05
71,0.71164,0.813748,0.984369,0.963906,-0.098733,1.029901,0.16275,2.704635,5.745e-05
72,0.709604,0.817257,0.987766,0.957033,-0.099938,1.044869,0.163451,2.643628,5.638e-05
73,0.714464,0.80424,0.979102,0.947317,-0.097655,1.031736,0.160848,2.626548,5.532e-05
74,0.710608,0.809935,0.980863,0.944623,-0.099947,1.04023,0.161987,2.5989,5.425e-05
75,0.706361,0.824313,0.979401,0.94575,-0.098069,1.042139,0.164863,2.615921,5.318e-05
76,0.706466,0.809227,0.986396,0.951102,-0.099455,1.043678,0.161845,2.627558,5.211e-05
77,0.701596,0.797729,0.972127,0.947283,-0.098526,1.044556,0.159546,2.627648,5.104e-05
78,0.699659,0.810495,0.987133,0.968172,-0.099458,1.042411,0.162099,2.657514,4.996e-05
79,0.699055,0.807461,0.987115,0.954963,-0.099126,1.032529,0.161492,2.651471,4.889e-05
80,0.694782,0.80233,0.980759,0.952689,-0.09801,1.048,0.160466,2.640068,4.782e-05
81,0.693615,0.812609,0.97948,0.948971,-0.09914,1.049104,0.162522,2.644686,4.675e-05
82,0.695339,0.80368,0.981218,0.949715,-0.099356,1.042086,0.160736,2.639774,4.568e-05
83,0.694276,0.808462,0.975358,0.944597,-0.099797,1.044605,0.161692,2.632578,4.462e-05
84,0.695794,0.814766,0.97388,0.938544,-0.100414,1.046295,0.162953,2.626873,4.355e-05
85,0.693302,0.809771,0.975595,0.941074,-0.100097,1.053261,0.161954,2.622582,4.249e-05
86,0.693694,0.801902,0.978,0.945585,-0.100834,1.050127,0.16038,2.624353,4.144e-05
87,0.687186,0.799672,0.989984,0.950623,-0.099593,1.05107,0.159934,2.589938,4.038e-05
88,0.684647,0.806162,0.984929,0.951229,-0.102636,1.05961,0.161232,2.590824,3.934e-05
89,0.684406,0.809057,0.980811,0.940097,-0.101076,1.04786,0.161811,2.569195,3.829e-05
90,0.683935,0.803845,0.989313,0.953133,-0.100427,1.044288,0.160769,2.583496,3.726e-05
91,0.682291,0.802045,0.977481,0.934023,-0.098445,1.044666,0.160409,2.579424,3.623e-05
92,0.68314,0.80264,0.984904,0.942576,-0.09983,1.037844,0.160528,2.591187,3.52e-05
93,0.679992,0.803917,0.97694,0.924925,-0.100858,1.046824,0.160783,2.589307,3.419e-05
94,0.678238,0.811715,0.978829,0.941298,-0.099463,1.0434,0.162343,2.599515,3.318e-05
95,0.678611,0.803167,0.979635,0.936113,-0.09868,1.030181,0.160633,2.604416,3.218e-05
96,0.676494,0.803398,0.980491,0.94243,-0.098108,1.043858,0.16068,2.604897,3.119e-05
97,0.675083,0.80801,0.981367,0.941517,-0.097408,1.033625,0.161602,2.592628,3.02e-05
98,0.67373,0.805756,0.976052,0.940242,-0.097665,1.041108,0.161151,2.611886,2.923e-05
99,0.672834,0.808104,0.980053,0.934908,-0.098249,1.035881,0.161621,2.617285,2.827e-05
100,0.67053,0.806471,0.981265,0.938723,-0.099737,1.045078,0.161294,2.595663,2.731e-05
101,0.669985,0.79848,0.975926,0.933694,-0.097822,1.047464,0.159696,2.598641,2.637e-05
102,0.671117,0.805561,0.983952,0.944381,-0.098337,1.03581,0.161112,2.600301,2.544e-05
103,0.667227,0.805117,0.98732,0.937604,-0.098845,1.032014,0.161023,2.604946,2.452e-05
104,0.667509,0.807883,0.985718,0.943577,-0.099377,1.035596,0.161577,2.617167,2.362e-05
105,0.665478,0.805857,0.983753,0.940262,-0.098675,1.027697,0.161171,2.616446,2.272e-05
106,0.666166,0.806784,0.984317,0.940708,-0.096988,1.030677,0.161357,2.59898,2.184e-05
107,0.667665,0.812401,0.989715,0.940976,-0.097872,1.035784,0.16248,2.595231,2.097e-05
